Eugenio Luna, 03(124)806-0594, 672 Gwen Rapids Suite 184
Rosalia Bustos, 617(11)469-8075, 3300 Simonis Forge Suite 456
Carolina Mendoza, 2(587)237-3989, 44827 Micheal Stream Apt. 592
Jesus Manuel Diaz, 64(9431)174-57-00, 4884 Van Stravenue Apt. 642
Juan Francisco Rodr√≠guez, 502(89)827-90-98, 013 Price Stravenue Apt. 330
Julia Neira, 523(62)857-30-65, 768 Jamal Lake Suite 611
Mariona Real, 954(879)351-72-84, 7835 Bella Court Apt. 641
Yesica Torregrosa, 68(538)135-55-91, 043 Westley Plaza Apt. 180
Neus San Juan, 87(23)651-47-76, 2216 Kiehn Drives Suite 820
Jose Andres Alvaro, 228(268)331-46-19, 787 Schaden Garden Apt. 820
Elsa Amaya, 576(9457)207-16-26, 27977 Blanda Circles Suite 378
Ruben Cabezas, 20(929)317-57-02, 299 Madisyn Squares Apt. 671
Alex Quesada, 254(2277)962-39-54, 9303 Carroll Lakes Suite 390
Hector Silva, 4(5162)912-91-52, 9314 Dorthy Junctions Apt. 934
Martin Cordoba, 62(4771)629-43-23, 9106 Dorcas Key Apt. 517
Eulalia Montero, 4(686)298-09-33, 716 Vandervort Summit Suite 938
Chloe Corral, 074(67)148-13-87, 5588 Schuster Field Apt. 074
Gisela Pino, 564(254)670-43-63, 994 Jeanie Union Suite 895
Fernando Marquez, 643(993)469-09-06, 1035 Golden Mountain Suite 999
Raimundo Montoya, 05(5960)913-88-55, 111 Shemar Drives Apt. 223
Flora Echevarria, 9(945)853-16-20, 585 Ullrich Loaf Suite 422
Josep Sans, 35(750)039-62-60, 819 Glenna Brooks Suite 501
Ildefonso Lopez, 4(5073)520-99-97, 562 Macejkovic Harbor Apt. 402
Carla Arranz, 37(3065)376-87-37, 814 Bogisich Knoll Apt. 059
Norberto Vives, 401(587)781-46-87, 00708 Karley Spring Suite 124
Unai Nieves, 394(3027)472-14-07, 2469 Marilie Centers Apt. 914
Gustavo Gonzalo, 44(294)439-11-67, 9796 Leffler Row Suite 063
Sacramento Rivero, 6(453)110-07-78, 205 Jeffrey Pike Suite 096
Ruth Perales, 758(4144)278-76-57, 21131 Koepp Knoll Suite 316
Florencio Nieves, 8(86)687-96-67, 09105 Bailey Forge Apt. 999
Ayman Saez, 9(2797)294-97-05, 73991 Wisozk Plains Suite 382
Cecilio del Campo, 286(7771)389-81-08, 465 Nader Crossroad Apt. 381
Cesar Amat, 980(70)921-76-85, 757 Nadia Views Apt. 012
Victor Manuel Fuster, 943(4919)057-15-21, 405 Frami Pike Apt. 086
Coral Vives, 67(38)221-67-47, 4867 Becker Corner Apt. 506
Gracia Valverde, 65(0625)953-19-59, 96482 Mallory Summit Suite 870
Macarena Franco, 07(719)313-53-19, 203 Kyle Well Suite 770
Enriqueta Ruano, 53(024)708-13-28, 21145 Annabel Mills Suite 883
Benito Aznar, 917(22)132-28-32, 1243 Berge Island Suite 040
Jose Manuel Roman, 1(5807)604-33-61, 84686 Block Port Suite 487
Guillermo Exposito, 9(159)100-41-95, 95950 Elmira Stream Suite 251
Amaia Acedo, 70(55)073-18-32, 89605 Emerald Flat Apt. 536
Marino Collado, 5(761)319-10-13, 225 Ortiz Camp Apt. 280
Celsa Acevedo, 68(5041)110-11-50, 4561 Madelynn Knolls Apt. 573
Yago Fernndez, 904(054)087-82-23, 71895 Kamille Greens Apt. 217
Hipolito Figueroa, 50(86)308-45-42, 7295 Halvorson Shoals Apt. 402
Isabel Lazaro, 4(925)979-09-04, 675 Marvin Alley Suite 969
Chloe Teruel, 0(851)367-1699, 5479 Devon Plains Suite 872
Juana Romera, 48(07)892-5313, 892 Steve Summit Suite 301
Emma Lin, 265(375)801-8816, 803 Bruen Isle Suite 693